{"voltage_ll":{"ll1":49.92675,"ll2":-9999,"ll3":50.07189},"voltage_ln":{"ln1":-9999,"ln2":117.5963,"ln3":-9999},"current":{"c1":50.0081,"c2":-9999,"c3":0},"power":{"p1":-9999,"p2":0,"p3":-9999},"total":{"total_power":0,"exp":-9999,"imp":0,"pf":null},"pf":{"pf1":-9999,"pf2":null,"pf3":-9999},"freq":-9999}