{"voltage_ll":{"ll1":49.92801,"ll2":-9999,"ll3":50.06675},"voltage_ln":{"ln1":-9999,"ln2":117.7238,"ln3":-9999},"current":{"c1":49.99411,"c2":-9999,"c3":0},"power":{"p1":-9999,"p2":0,"p3":-9999},"total":{"total_power":0,"exp":-9999,"imp":0,"pf":null},"pf":{"pf1":-9999,"pf2":null,"pf3":-9999},"freq":-9999}