{"voltage_ll":{"ll1":49.93028,"ll2":-9999,"ll3":50.06809},"voltage_ln":{"ln1":-9999,"ln2":117.5568,"ln3":-9999},"current":{"c1":50.00235,"c2":-9999,"c3":0},"power":{"p1":-9999,"p2":0,"p3":-9999},"total":{"total_power":0,"exp":-9999,"imp":0,"pf":-9999},"pf":{"pf1":null,"pf2":-9999,"pf3":null},"freq":null}